{"cameraMode":{"drawMode":0,"name":"Shaded","section":"Shading Mode"},"sceneLighting":true,"audioPlay":false,"sceneViewState":{"showFog":true,"showMaterialUpdate":false,"showSkybox":true,"showFlares":true,"showImageEffects":true,"showParticleSystems":true},"in2DMode":false,"pivot":{"x":6.445944786071777,"y":-14.001483917236329,"z":-23.261707305908204},"rotation":{"x":-0.3579844832420349,"y":-0.030248092487454416,"z":0.01160365529358387,"w":-0.9331662654876709},"size":55.94225311279297,"orthographic":false}