{"cameraMode":{"drawMode":0,"name":"Shaded","section":"Shading Mode"},"sceneLighting":true,"audioPlay":false,"sceneViewState":{"showFog":true,"showMaterialUpdate":false,"showSkybox":true,"showFlares":true,"showImageEffects":true,"showParticleSystems":true},"in2DMode":false,"pivot":{"x":4.61795711517334,"y":-2.2804393768310549,"z":1.2029342651367188},"rotation":{"x":0.19731184840202332,"y":0.45466163754463198,"z":-0.10390624403953552,"w":0.8623023629188538},"size":25.409915924072267,"orthographic":false}