{"cameraMode":{"drawMode":0,"name":"Shaded","section":"Shading Mode"},"sceneLighting":true,"audioPlay":false,"sceneViewState":{"showFog":true,"showMaterialUpdate":false,"showSkybox":true,"showFlares":true,"showImageEffects":true,"showParticleSystems":true},"in2DMode":false,"pivot":{"x":20.387359619140626,"y":-84.40316009521485,"z":0.0},"rotation":{"x":-0.0711299255490303,"y":-0.17472337186336518,"z":0.012653668411076069,"w":-0.9819664359092712},"size":233.86647033691407,"orthographic":false}