{"cameraMode":{"drawMode":0,"name":"Shaded","section":"Shading Mode"},"sceneLighting":true,"audioPlay":false,"sceneViewState":{"showFog":true,"showMaterialUpdate":false,"showSkybox":true,"showFlares":true,"showImageEffects":true,"showParticleSystems":true},"in2DMode":false,"pivot":{"x":-3.8630599975585939,"y":1.0612177848815919,"z":1.5309937000274659},"rotation":{"x":0.16596323251724244,"y":0.6613208651542664,"z":-0.15328757464885713,"w":0.7152796387672424},"size":43.36883544921875,"orthographic":false}