{"cameraMode":{"drawMode":0,"name":"Shaded","section":"Shading Mode"},"sceneLighting":true,"audioPlay":false,"sceneViewState":{"showFog":true,"showMaterialUpdate":false,"showSkybox":true,"showFlares":true,"showImageEffects":true,"showParticleSystems":true},"in2DMode":false,"pivot":{"x":0.6594468951225281,"y":9.529479026794434,"z":-24.37337875366211},"rotation":{"x":0.1352524757385254,"y":0.6641086339950562,"z":-0.12378676235675812,"w":0.7248186469078064},"size":11.275849342346192,"orthographic":false}