{"cameraMode":{"drawMode":0,"name":"Shaded","section":"Shading Mode"},"sceneLighting":true,"audioPlay":false,"sceneViewState":{"showFog":true,"showMaterialUpdate":false,"showSkybox":true,"showFlares":true,"showImageEffects":true,"showParticleSystems":true},"in2DMode":false,"pivot":{"x":8.701553344726563,"y":-48.48368835449219,"z":-80.77664184570313},"rotation":{"x":0.1489199995994568,"y":0.8103218078613281,"z":-0.23372212052345277,"w":0.5163103938102722},"size":281.23394775390627,"orthographic":false}